TICKER,NAME,SECTOR,SHARES
AAPL,APPLE INC,Information Technology,"5,187,448.00"
MSFT,MICROSOFT CORP,Information Technology,"2,287,030.00"
AMZN,AMAZON COM INC,Consumer Discretionary,"2,958,320.00"
GOOGL,ALPHABET INC CLASS A,Communication,"1,927,386.00"
GOOG,ALPHABET INC CLASS C,Communication,"1,788,971.00"
NVDA,NVIDIA CORP,Information Technology,"806,683.00"
XOM,EXXON MOBIL CORP,Energy,"1,336,593.00"
UNH,UNITEDHEALTH GROUP INC,Health Care,"301,799.00"
TSLA,TESLA INC,Consumer Discretionary,"860,033.00"
JNJ,JOHNSON & JOHNSON,Health Care,"846,639.00"
JPM,JPMORGAN CHASE & CO,Financials,"947,499.00"
BRKB,BERKSHIRE HATHAWAY INC CLASS B,Financials,"415,398.00"
V,VISA INC CLASS A,Information Technology,"528,547.00"
PG,PROCTER & GAMBLE,Consumer Staples,"773,204.00"
META,META PLATFORMS INC CLASS A,Communication,"737,576.00"
HD,HOME DEPOT INC,Consumer Discretionary,"331,560.00"
CVX,CHEVRON CORP,Energy,"603,662.00"
MA,MASTERCARD INC CLASS A,Information Technology,"279,546.00"
LLY,ELI LILLY,Health Care,"261,420.00"
MRK,MERCK & CO INC,Health Care,"818,172.00"
ABBV,ABBVIE INC,Health Care,"571,292.00"
KO,COCA-COLA,Consumer Staples,"1,333,323.00"
BAC,BANK OF AMERICA CORP,Financials,"2,291,015.00"
PFE,PFIZER INC,Health Care,"1,814,468.00"
AVGO,BROADCOM INC,Information Technology,"130,771.00"
PEP,PEPSICO INC,Consumer Staples,"444,399.00"
COST,COSTCO WHOLESALE CORP,Consumer Staples,"143,530.00"
TMO,THERMO FISHER SCIENTIFIC INC,Health Care,"126,009.00"
WMT,WALMART INC,Consumer Staples,"488,940.00"
DIS,WALT DISNEY,Communication,"589,812.00"
CSCO,CISCO SYSTEMS INC,Information Technology,"1,313,780.00"
MCD,MCDONALDS CORP,Consumer Discretionary,"237,764.00"
ABT,ABBOTT LABORATORIES,Health Care,"555,320.00"
DHR,DANAHER CORP,Health Care,"223,772.00"
WFC,WELLS FARGO,Financials,"1,231,750.00"
ACN,ACCENTURE PLC CLASS A,Information Technology,"203,951.00"
ADBE,ADOBE INC,Information Technology,"152,291.00"
VZ,VERIZON COMMUNICATIONS INC,Communication,"1,343,988.00"
CMCSA,COMCAST CORP CLASS A,Communication,"1,418,095.00"
CRM,SALESFORCE INC,Information Technology,"321,916.00"
LIN,LINDE PLC,Materials,"160,738.00"
TXN,TEXAS INSTRUMENT INC,Information Technology,"297,880.00"
NKE,NIKE INC CLASS B,Consumer Discretionary,"410,079.00"
PM,PHILIP MORRIS INTERNATIONAL INC,Consumer Staples,"496,994.00"
NFLX,NETFLIX INC,Communication,"144,821.00"
COP,CONOCOPHILLIPS,Energy,"416,531.00"
BMY,BRISTOL MYERS SQUIBB,Health Care,"686,539.00"
QCOM,QUALCOMM INC,Information Technology,"362,391.00"
RTX,RAYTHEON TECHNOLOGIES CORP,Industrials,"478,581.00"
T,AT&T INC,Communication,"2,303,228.00"
NEE,NEXTERA ENERGY INC,Utilities,"625,429.00"
ORCL,ORACLE CORP,Information Technology,"524,510.00"
HON,HONEYWELL INTERNATIONAL INC,Industrials,"213,271.00"
UPS,UNITED PARCEL SERVICE INC CLASS B,Industrials,"237,520.00"
CAT,CATERPILLAR INC,Industrials,"173,471.00"
AMGN,AMGEN INC,Health Care,"170,576.00"
LOW,LOWES COMPANIES INC,Consumer Discretionary,"203,738.00"
UNP,UNION PACIFIC CORP,Industrials,"202,310.00"
SPGI,S&P GLOBAL INC,Financials,"109,027.00"
SBUX,STARBUCKS CORP,Consumer Discretionary,"374,156.00"
GS,GOLDMAN SACHS GROUP INC,Financials,"111,405.00"
MS,MORGAN STANLEY,Financials,"413,883.00"
DE,DEERE,Industrials,"94,367.00"
AMD,ADVANCED MICRO DEVICES INC,Information Technology,"528,996.00"
IBM,INTERNATIONAL BUSINESS MACHINES CO,Information Technology,"291,940.00"
ELV,ELEVANCE HEALTH INC,Health Care,"78,598.00"
PLD,PROLOGIS REIT INC,Real Estate,"302,825.00"
BA,BOEING,Industrials,"182,920.00"
CVS,CVS HEALTH CORP,Health Care,"427,410.00"
BLK,BLACKROCK INC,Financials,"49,105.00"
INTC,INTEL CORPORATION CORP,Information Technology,"1,313,339.00"
AXP,AMERICAN EXPRESS,Financials,"210,552.00"
SCHW,CHARLES SCHWAB CORP,Financials,"474,191.00"
LMT,LOCKHEED MARTIN CORP,Industrials,"77,819.00"
MDT,MEDTRONIC PLC,Health Care,"430,132.00"
INTU,INTUIT INC,Information Technology,"84,738.00"
GILD,GILEAD SCIENCES INC,Health Care,"406,762.00"
AMT,AMERICAN TOWER REIT CORP,Real Estate,"149,052.00"
C,CITIGROUP INC,Financials,"633,250.00"
BKNG,BOOKING HOLDINGS INC,Consumer Discretionary,"13,072.00"
AMAT,APPLIED MATERIAL INC,Information Technology,"285,314.00"
TJX,TJX INC,Consumer Discretionary,"384,507.00"
CI,CIGNA CORP,Health Care,"97,843.00"
CB,CHUBB LTD,Financials,"132,537.00"
TMUS,T MOBILE US INC,Communication,"201,536.00"
ADP,AUTOMATIC DATA PROCESSING INC,Information Technology,"133,113.00"
NOW,SERVICENOW INC,Information Technology,"65,407.00"
MDLZ,MONDELEZ INTERNATIONAL INC CLASS A,Consumer Staples,"454,392.00"
PYPL,PAYPAL HOLDINGS INC,Information Technology,"358,169.00"
ISRG,INTUITIVE SURGICAL INC,Health Care,"117,873.00"
GE,GENERAL ELECTRIC,Industrials,"359,121.00"
SYK,STRYKER CORP,Health Care,"112,515.00"
ADI,ANALOG DEVICES INC,Information Technology,"163,028.00"
MMC,MARSH & MCLENNAN INC,Financials,"156,275.00"
VRTX,VERTEX PHARMACEUTICALS INC,Health Care,"84,317.00"
REGN,REGENERON PHARMACEUTICALS INC,Health Care,"35,313.00"
MO,ALTRIA GROUP INC,Consumer Staples,"588,065.00"
SLB,SCHLUMBERGER NV,Energy,"462,028.00"
TGT,TARGET CORP,Consumer Discretionary,"151,172.00"
ZTS,ZOETIS INC CLASS A,Health Care,"156,695.00"
DUK,DUKE ENERGY CORP,Utilities,"248,151.00"
EOG,EOG RESOURCES INC,Energy,"191,627.00"
PGR,PROGRESSIVE CORP,Financials,"184,193.00"
SO,SOUTHERN,Utilities,"353,063.00"
APD,AIR PRODUCTS AND CHEMICALS INC,Materials,"72,427.00"
LRCX,LAM RESEARCH CORP,Information Technology,"45,324.00"
ITW,ILLINOIS TOOL INC,Industrials,"95,851.00"
AON,AON PLC CLASS A,Financials,"70,666.00"
BDX,BECTON DICKINSON,Health Care,"88,870.00"
USB,US BANCORP,Financials,"449,958.00"
BSX,BOSTON SCIENTIFIC CORP,Health Care,"478,873.00"
BX,BLACKSTONE INC,Financials,"229,441.00"
CSX,CSX CORP,Industrials,"706,394.00"
EQIX,EQUINIX REIT INC,Real Estate,"29,570.00"
MU,MICRON TECHNOLOGY INC,Information Technology,"360,709.00"
TFC,TRUIST FINANCIAL CORP,Financials,"440,185.00"
PNC,PNC FINANCIAL SERVICES GROUP INC,Financials,"129,662.00"
MPC,MARATHON PETROLEUM CORP,Energy,"166,762.00"
HUM,HUMANA INC,Health Care,"41,709.00"
CME,CME GROUP INC CLASS A,Financials,"120,302.00"
EL,ESTEE LAUDER INC CLASS A,Consumer Staples,"76,420.00"
FISV,FISERV INC,Information Technology,"198,041.00"
CCI,CROWN CASTLE INC,Real Estate,"141,967.00"
WM,WASTE MANAGEMENT INC,Industrials,"135,222.00"
NOC,NORTHROP GRUMMAN CORP,Industrials,"46,276.00"
ETN,EATON PLC,Industrials,"126,796.00"
OXY,OCCIDENTAL PETROLEUM CORP,Energy,"309,110.00"
MMM,3M,Industrials,"171,481.00"
ATVI,ACTIVISION BLIZZARD INC,Communication,"256,048.00"
CL,COLGATE-PALMOLIVE,Consumer Staples,"262,556.00"
FCX,FREEPORT MCMORAN INC,Materials,"436,787.00"
HCA,HCA HEALTHCARE INC,Health Care,"76,319.00"
SHW,SHERWIN WILLIAMS,Materials,"82,101.00"
MRNA,MODERNA INC,Health Care,"109,425.00"
NSC,NORFOLK SOUTHERN CORP,Industrials,"77,530.00"
ICE,INTERCONTINENTAL EXCHANGE INC,Financials,"171,045.00"
MCK,MCKESSON CORP,Health Care,"48,286.00"
GD,GENERAL DYNAMICS CORP,Industrials,"77,491.00"
KLAC,KLA CORP,Information Technology,"45,957.00"
GM,GENERAL MOTORS,Consumer Discretionary,"456,975.00"
MCO,MOODYS CORP,Financials,"55,544.00"
DG,DOLLAR GENERAL CORP,Consumer Discretionary,"75,701.00"
F,FORD MOTOR CO,Consumer Discretionary,"1,287,378.00"
VLO,VALERO ENERGY CORP,Energy,"123,466.00"
MELI,MERCADOLIBRE INC,Consumer Discretionary,"14,536.00"
PXD,PIONEER NATURAL RESOURCE,Energy,"73,951.00"
SNPS,SYNOPSYS INC,Information Technology,"48,041.00"
SRE,SEMPRA,Utilities,"103,178.00"
EMR,EMERSON ELECTRIC,Industrials,"182,826.00"
ORLY,OREILLY AUTOMOTIVE INC,Consumer Discretionary,"20,740.00"
D,DOMINION ENERGY INC,Utilities,"257,576.00"
NXPI,NXP SEMICONDUCTORS NV,Information Technology,"88,408.00"
MAR,MARRIOTT INTERNATIONAL INC CLASS A,Consumer Discretionary,"92,990.00"
PSA,PUBLIC STORAGE REIT,Real Estate,"53,113.00"
AZO,AUTOZONE INC,Consumer Discretionary,"6,598.00"
JCI,JOHNSON CONTROLS INTERNATIONAL PLC,Industrials,"229,375.00"
MET,METLIFE INC,Financials,"216,959.00"
PSX,PHILLIPS 66,Energy,"157,973.00"
ADSK,AUTODESK INC,Information Technology,"73,569.00"
CDNS,CADENCE DESIGN SYSTEMS INC,Information Technology,"86,456.00"
EW,EDWARDS LIFESCIENCES CORP,Health Care,"204,846.00"
PANW,PALO ALTO NETWORKS INC,Information Technology,"98,557.00"
CTVA,CORTEVA INC,Materials,"242,235.00"
AEP,AMERICAN ELECTRIC POWER INC,Utilities,"164,938.00"
FDX,FEDEX CORP,Industrials,"79,806.00"
TRV,TRAVELERS COMPANIES INC,Financials,"80,225.00"
ADM,ARCHER DANIELS MIDLAND,Consumer Staples,"184,894.00"
AIG,AMERICAN INTERNATIONAL GROUP INC,Financials,"242,045.00"
COF,CAPITAL ONE FINANCIAL CORP,Financials,"126,737.00"
CMG,CHIPOTLE MEXICAN GRILL INC,Consumer Discretionary,"9,123.00"
GIS,GENERAL MILLS INC,Consumer Staples,"191,439.00"
A,AGILENT TECHNOLOGIES INC,Health Care,"98,511.00"
FIS,FIDELITY NATIONAL INFORMATION SERV,Information Technology,"198,287.00"
ROP,ROPER TECHNOLOGIES INC,Information Technology,"34,664.00"
NUE,NUCOR CORP,Materials,"87,302.00"
CNC,CENTENE CORP,Health Care,"193,202.00"
MSI,MOTOROLA SOLUTIONS INC,Information Technology,"56,108.00"
APH,AMPHENOL CORP CLASS A,Information Technology,"180,298.00"
DOW,DOW INC,Materials,"240,891.00"
UBER,UBER TECHNOLOGIES INC,Industrials,"459,455.00"
CHTR,CHARTER COMMUNICATIONS INC CLASS A,Communication,"36,839.00"
ROST,ROSS STORES INC,Consumer Discretionary,"118,761.00"
NEM,NEWMONT,Materials,"262,815.00"
EXC,EXELON CORP,Utilities,"329,535.00"
BIIB,BIOGEN INC,Health Care,"47,793.00"
IDXX,IDEXX LABORATORIES INC,Health Care,"28,900.00"
DXCM,DEXCOM INC,Health Care,"129,642.00"
KMB,KIMBERLY CLARK CORP,Consumer Staples,"106,743.00"
AFL,AFLAC INC,Financials,"188,054.00"
SQ,BLOCK INC CLASS A,Information Technology,"168,756.00"
TEL,TE CONNECTIVITY LTD,Information Technology,"108,235.00"
MNST,MONSTER BEVERAGE CORP,Consumer Staples,"131,956.00"
MCHP,MICROCHIP TECHNOLOGY INC,Information Technology,"176,403.00"
SPG,SIMON PROPERTY GROUP REIT INC,Real Estate,"106,201.00"
ABNB,AIRBNB INC CLASS A,Consumer Discretionary,"121,692.00"
PRU,PRUDENTIAL FINANCIAL INC,Financials,"127,990.00"
O,REALTY INCOME REIT CORP,Real Estate,"197,618.00"
LHX,L3HARRIS TECHNOLOGIES INC,Industrials,"62,282.00"
DVN,DEVON ENERGY CORP,Energy,"209,816.00"
ECL,ECOLAB INC,Materials,"85,107.00"
AMP,AMERIPRISE FINANCE INC,Financials,"37,434.00"
BK,BANK OF NEW YORK MELLON CORP,Financials,"258,607.00"
PCAR,PACCAR INC,Industrials,"118,720.00"
CARR,CARRIER GLOBAL CORP,Industrials,"283,417.00"
WMB,WILLIAMS INC,Energy,"399,963.00"
SYY,SYSCO CORP,Consumer Staples,"166,382.00"
MSCI,MSCI INC,Financials,"24,074.00"
AJG,ARTHUR J GALLAGHER,Financials,"64,521.00"
TDG,TRANSDIGM GROUP INC,Industrials,"17,551.00"
HES,HESS CORP,Energy,"83,480.00"
IQV,IQVIA HOLDINGS INC,Health Care,"54,642.00"
PH,PARKER-HANNIFIN CORP,Industrials,"38,369.00"
DD,DUPONT DE NEMOURS INC,Materials,"168,767.00"
TT,TRANE TECHNOLOGIES PLC,Industrials,"69,240.00"
KMI,KINDER MORGAN INC,Energy,"672,872.00"
XEL,XCEL ENERGY INC,Utilities,"177,347.00"
CMI,CUMMINS INC,Industrials,"48,567.00"
FTNT,FORTINET INC,Information Technology,"230,075.00"
HAL,HALLIBURTON,Energy,"291,770.00"
EA,ELECTRONIC ARTS INC,Communication,"93,041.00"
LULU,LULULEMON ATHLETICA INC,Consumer Discretionary,"38,505.00"
CTSH,COGNIZANT TECHNOLOGY SOLUTIONS COR,Information Technology,"176,872.00"
ALL,ALLSTATE CORP,Financials,"91,722.00"
MRVL,MARVELL TECHNOLOGY INC,Information Technology,"271,967.00"
CTAS,CINTAS CORP,Industrials,"26,395.00"
HLT,HILTON WORLDWIDE HOLDINGS INC,Consumer Discretionary,"79,932.00"
WDAY,WORKDAY INC CLASS A,Information Technology,"63,878.00"
WCN,WASTE CONNECTIONS INC,Industrials,"86,354.00"
DHI,D R HORTON INC,Consumer Discretionary,"115,736.00"
OTIS,OTIS WORLDWIDE CORP,Industrials,"138,804.00"
STT,STATE STREET CORP,Financials,"124,805.00"
SNOW,SNOWFLAKE CLASS A,Information Technology,"72,851.00"
RMD,RESMED INC,Health Care,"49,885.00"
PAYX,PAYCHEX INC,Information Technology,"97,690.00"
STZ,CONSTELLATION BRANDS INC CLASS A,Consumer Staples,"48,536.00"
WBD,WARNER BROS. DISCOVERY INC SERIES,Communication,"756,438.00"
DLTR,DOLLAR TREE INC,Consumer Discretionary,"74,597.00"
ALB,ALBEMARLE CORP,Materials,"39,489.00"
DFS,DISCOVER FINANCIAL SERVICES,Financials,"95,097.00"
YUM,YUM BRANDS INC,Consumer Discretionary,"84,977.00"
LNG,CHENIERE ENERGY INC,Energy,"72,369.00"
ILMN,ILLUMINA INC,Health Care,"51,415.00"
KEYS,KEYSIGHT TECHNOLOGIES INC,Information Technology,"60,998.00"
ROK,ROCKWELL AUTOMATION INC,Industrials,"38,377.00"
HSY,HERSHEY FOODS,Consumer Staples,"47,986.00"
DLR,DIGITAL REALTY TRUST REIT INC,Real Estate,"94,020.00"
VICI,VICI PPTYS INC,Real Estate,"312,106.00"
PEG,PUBLIC SERVICE ENTERPRISE GROUP IN,Utilities,"171,793.00"
MTD,METTLER TOLEDO INC,Health Care,"6,915.00"
WELL,WELLTOWER,Real Estate,"140,230.00"
PPG,PPG INDUSTRIES INC,Materials,"80,337.00"
ED,CONSOLIDATED EDISON INC,Utilities,"109,553.00"
GPN,GLOBAL PAYMENTS INC,Information Technology,"92,317.00"
CSGP,COSTAR GROUP INC,Industrials,"133,503.00"
FERG,FERGUSON PLC,Industrials,"73,051.00"
HPQ,HP INC,Information Technology,"355,763.00"
BKR,BAKER HUGHES CLASS A,Energy,"322,263.00"
ANET,ARISTA NETWORKS INC,Information Technology,"80,997.00"
APTV,APTIV PLC,Consumer Discretionary,"89,960.00"
WEC,WEC ENERGY GROUP INC,Utilities,"107,699.00"
KR,KROGER,Consumer Staples,"225,752.00"
AWK,AMERICAN WATER WORKS INC,Utilities,"63,685.00"
FAST,FASTENAL,Industrials,"196,279.00"
KKR,KKR AND CO INC,Financials,"177,578.00"
ENPH,ENPHASE ENERGY INC,Information Technology,"44,111.00"
ON,ON SEMICONDUCTOR CORP,Information Technology,"132,223.00"
AME,AMETEK INC,Industrials,"66,769.00"
KHC,KRAFT HEINZ,Consumer Staples,"235,170.00"
CBRE,CBRE GROUP INC CLASS A,Real Estate,"110,791.00"
VRSK,VERISK ANALYTICS INC,Industrials,"51,820.00"
ODFL,OLD DOMINION FREIGHT LINE INC,Industrials,"28,158.00"
CEG,CONSTELLATION ENERGY CORP,Utilities,"109,758.00"
CPRT,COPART INC,Industrials,"140,600.00"
ALNY,ALNYLAM PHARMACEUTICALS INC,Health Care,"41,007.00"
SBAC,SBA COMMUNICATIONS REIT CORP CLASS,Real Estate,"31,205.00"
EFX,EQUIFAX INC,Industrials,"41,740.00"
IFF,INTERNATIONAL FLAVORS & FRAGRANCES,Materials,"82,372.00"
RSG,REPUBLIC SERVICES INC,Industrials,"73,738.00"
MTB,M&T BANK CORP,Financials,"58,799.00"
LEN,LENNAR A CORP,Consumer Discretionary,"89,535.00"
ABC,AMERISOURCEBERGEN CORP,Health Care,"53,931.00"
GLW,CORNING INC,Information Technology,"262,958.00"
ES,EVERSOURCE ENERGY,Utilities,"110,288.00"
APO,APOLLO GLOBAL MANAGEMENT INC,Financials,"127,871.00"
KDP,KEURIG DR PEPPER INC,Consumer Staples,"256,204.00"
GWW,WW GRAINGER INC,Industrials,"15,097.00"
ULTA,ULTA BEAUTY INC,Consumer Discretionary,"17,274.00"
HIG,HARTFORD FINANCIAL SERVICES GROUP,Financials,"113,841.00"
WBA,WALGREEN BOOTS ALLIANCE INC,Consumer Staples,"239,101.00"
URI,UNITED RENTALS INC,Industrials,"19,940.00"
OKE,ONEOK INC,Energy,"127,677.00"
TROW,T ROWE PRICE GROUP INC,Financials,"74,893.00"
LYB,LYONDELLBASELL INDUSTRIES NV CLASS,Materials,"90,179.00"
ZBH,ZIMMER BIOMET HOLDINGS INC,Health Care,"68,398.00"
EIX,EDISON INTERNATIONAL,Utilities,"125,570.00"
FRC,FIRST REPUBLIC BANK,Financials,"60,999.00"
IT,GARTNER INC,Information Technology,"25,307.00"
TSCO,TRACTOR SUPPLY,Consumer Discretionary,"37,471.00"
FITB,FIFTH THIRD BANCORP,Financials,"235,224.00"
WY,WEYERHAEUSER REIT,Real Estate,"245,148.00"
GEHC,GE HEALTHCARE TECHNOLOGIES,Health Care,"119,716.00"
WTW,WILLIS TOWERS WATSON PLC,Financials,"32,723.00"
VMW,VMWARE CLASS A INC,Information Technology,"67,725.00"
VMC,VULCAN MATERIALS,Materials,"45,141.00"
AVB,AVALONBAY COMMUNITIES REIT INC,Real Estate,"46,562.00"
EBAY,EBAY INC,Consumer Discretionary,"165,129.00"
VEEV,VEEVA SYSTEMS INC CLASS A,Health Care,"46,735.00"
CDW,CDW CORP,Information Technology,"40,577.00"
HZNP,HORIZON THERAPEUTICS PUBLIC PLC,Health Care,"71,535.00"
PCG,PG&E CORP,Utilities,"490,751.00"
RF,REGIONS FINANCIAL CORP,Financials,"331,417.00"
FANG,DIAMONDBACK ENERGY INC,Energy,"53,324.00"
EQR,EQUITY RESIDENTIAL REIT,Real Estate,"121,663.00"
MLM,MARTIN MARIETTA MATERIALS INC,Materials,"21,445.00"
PFG,PRINCIPAL FINANCIAL GROUP INC,Financials,"83,257.00"
AEE,AMEREN CORP,Utilities,"87,864.00"
DOV,DOVER CORP,Industrials,"50,195.00"
BAX,BAXTER INTERNATIONAL INC,Health Care,"166,352.00"
FTV,FORTIVE CORP,Industrials,"110,019.00"
FE,FIRSTENERGY CORP,Utilities,"181,881.00"
ETR,ENTERGY CORP,Utilities,"68,231.00"
GPC,GENUINE PARTS,Consumer Discretionary,"43,737.00"
EXR,EXTRA SPACE STORAGE REIT INC,Real Estate,"46,391.00"
TTD,TRADE DESK INC CLASS A,Communication,"144,299.00"
IR,INGERSOLL RAND INC,Industrials,"130,324.00"
BMRN,BIOMARIN PHARMACEUTICAL INC,Health Care,"63,229.00"
HPE,HEWLETT PACKARD ENTERPRISE,Information Technology,"449,901.00"
ACGL,ARCH CAPITAL GROUP LTD,Financials,"112,615.00"
PPL,PPL CORP,Utilities,"243,765.00"
BFB,BROWN FORMAN CORP CLASS B,Consumer Staples,"107,690.00"
DTE,DTE ENERGY,Utilities,"60,307.00"
WAT,WATERS CORP,Health Care,"21,281.00"
CHD,CHURCH AND DWIGHT INC,Consumer Staples,"86,350.00"
ARE,ALEXANDRIA REAL ESTATE EQUITIES RE,Real Estate,"43,422.00"
CRWD,CROWDSTRIKE HOLDINGS INC CLASS A,Information Technology,"65,740.00"
STLD,STEEL DYNAMICS INC,Materials,"56,487.00"
PWR,QUANTA SERVICES INC,Industrials,"44,768.00"
MAA,MID AMERICA APARTMENT COMMUNITIES,Real Estate,"40,654.00"
ALGN,ALIGN TECHNOLOGY INC,Health Care,"25,021.00"
NTRS,NORTHERN TRUST CORP,Financials,"69,362.00"
WST,WEST PHARMACEUTICAL SERVICES INC,Health Care,"25,305.00"
LVS,LAS VEGAS SANDS CORP,Consumer Discretionary,"113,464.00"
VTR,VENTAS REIT INC,Real Estate,"128,937.00"
CFG,CITIZENS FINANCIAL GROUP INC,Financials,"154,109.00"
RJF,RAYMOND JAMES INC,Financials,"58,717.00"
CTRA,COTERRA ENERGY INC,Energy,"259,941.00"
CAH,CARDINAL HEALTH INC,Health Care,"84,033.00"
MKC,MCCORMICK & CO NON-VOTING INC,Consumer Staples,"86,342.00"
PODD,INSULET CORP,Health Care,"22,568.00"
AES,AES CORP,Utilities,"235,590.00"
DRI,DARDEN RESTAURANTS INC,Consumer Discretionary,"43,593.00"
CAG,CONAGRA BRANDS INC,Consumer Staples,"172,454.00"
MRO,MARATHON OIL CORP,Energy,"233,416.00"
HBAN,HUNTINGTON BANCSHARES INC,Financials,"421,970.00"
OMC,OMNICOM GROUP INC,Communication,"74,292.00"
BALL,BALL CORP,Materials,"109,467.00"
TSN,TYSON FOODS INC CLASS A,Consumer Staples,"96,853.00"
AMCR,AMCOR PLC,Materials,"523,976.00"
LH,LABORATORY CORPORATION OF AMERICA,Health Care,"24,993.00"
VRSN,VERISIGN INC,Information Technology,"28,886.00"
SGEN,SEAGEN INC,Health Care,"45,123.00"
CMS,CMS ENERGY CORP,Utilities,"99,025.00"
ANSS,ANSYS INC,Information Technology,"23,440.00"
MPWR,MONOLITHIC POWER SYSTEMS INC,Information Technology,"14,544.00"
WAB,WESTINGHOUSE AIR BRAKE TECHNOLOGIE,Industrials,"59,433.00"
SWKS,SKYWORKS SOLUTIONS INC,Information Technology,"56,175.00"
DGX,QUEST DIAGNOSTICS INC,Health Care,"41,089.00"
XYL,XYLEM INC,Industrials,"58,596.00"
MOH,MOLINA HEALTHCARE INC,Health Care,"19,531.00"
KEY,KEYCORP,Financials,"317,265.00"
TDY,TELEDYNE TECHNOLOGIES INC,Information Technology,"14,314.00"
SYF,SYNCHRONY FINANCIAL,Financials,"164,884.00"
CLX,CLOROX,Consumer Staples,"41,818.00"
EXPD,EXPEDITORS INTERNATIONAL OF WASHIN,Industrials,"55,693.00"
STE,STERIS,Health Care,"29,124.00"
FMC,FMC CORP,Materials,"45,127.00"
NDAQ,NASDAQ INC,Financials,"99,658.00"
LPLA,LPL FINANCIAL HOLDINGS INC,Financials,"25,233.00"
EPAM,EPAM SYSTEMS INC,Information Technology,"17,927.00"
BBY,BEST BUY CO INC,Consumer Discretionary,"66,965.00"
HOLX,HOLOGIC INC,Health Care,"72,261.00"
TTWO,TAKE TWO INTERACTIVE SOFTWARE INC,Communication,"51,829.00"
CF,CF INDUSTRIES HOLDINGS INC,Materials,"69,071.00"
MOS,MOSAIC,Materials,"117,564.00"
INVH,INVITATION HOMES INC,Real Estate,"179,060.00"
SIVB,SVB FINANCIAL GROUP,Financials,"19,145.00"
ETSY,ETSY INC,Consumer Discretionary,"41,955.00"
DDOG,DATADOG INC CLASS A,Information Technology,"77,016.00"
FICO,FAIR ISAAC CORP,Information Technology,"8,636.00"
SEDG,SOLAREDGE TECHNOLOGIES INC,Information Technology,"17,928.00"
TER,TERADYNE INC,Information Technology,"56,137.00"
CNP,CENTERPOINT ENERGY INC,Utilities,"188,789.00"
LKQ,LKQ CORP,Consumer Discretionary,"96,446.00"
HWM,HOWMET AEROSPACE INC,Industrials,"138,773.00"
PAYC,PAYCOM SOFTWARE INC,Information Technology,"17,327.00"
ZM,ZOOM VIDEO COMMUNICATIONS INC CLAS,Information Technology,"74,109.00"
EXPE,EXPEDIA GROUP INC,Consumer Discretionary,"48,590.00"
ZBRA,ZEBRA TECHNOLOGIES CORP CLASS A,Information Technology,"17,565.00"
INCY,INCYTE CORP,Health Care,"64,272.00"
TXT,TEXTRON INC,Industrials,"74,204.00"
FSLR,FIRST SOLAR INC,Information Technology,"30,373.00"
IEX,IDEX CORP,Industrials,"22,380.00"
NTAP,NETAPP INC,Information Technology,"80,947.00"
TRGP,TARGA RESOURCES CORP,Energy,"71,390.00"
FLT,FLEETCOR TECHNOLOGIES INC,Information Technology,"25,636.00"
BURL,BURLINGTON STORES INC,Consumer Discretionary,"23,193.00"
PEAK,HEALTHPEAK PROPERTIES INC,Real Estate,"193,399.00"
J,JACOBS SOLUTIONS INC,Industrials,"42,785.00"
TRMB,TRIMBLE INC,Information Technology,"91,043.00"
SPLK,SPLUNK INC,Information Technology,"54,845.00"
K,KELLOGG,Consumer Staples,"76,152.00"
FWONK,LIBERTY MEDIA FORMULA ONE CORP SER,Communication,"73,486.00"
MGM,MGM RESORTS INTERNATIONAL,Consumer Discretionary,"125,300.00"
ESS,ESSEX PROPERTY TRUST REIT INC,Real Estate,"22,684.00"
RE,EVEREST RE GROUP LTD,Financials,"14,604.00"
IP,INTERNATIONAL PAPER,Materials,"121,657.00"
HUBS,HUBSPOT INC,Information Technology,"14,616.00"
AKAM,AKAMAI TECHNOLOGIES INC,Information Technology,"56,881.00"
WRB,WR BERKLEY CORP,Financials,"72,080.00"
MKL,MARKEL CORP,Financials,"3,517.00"
SJM,JM SMUCKER,Consumer Staples,"32,409.00"
BRO,BROWN & BROWN INC,Financials,"84,490.00"
BR,BROADRIDGE FINANCIAL SOLUTIONS INC,Information Technology,"32,860.00"
VTRS,VIATRIS INC,Health Care,"405,251.00"
PKI,PERKINELMER INC,Health Care,"35,700.00"
LNT,ALLIANT ENERGY CORP,Utilities,"90,818.00"
PHM,PULTEGROUP INC,Consumer Discretionary,"86,134.00"
POOL,POOL CORP,Consumer Discretionary,"12,649.00"
CINF,CINCINNATI FINANCIAL CORP,Financials,"43,024.00"
STX,SEAGATE TECHNOLOGY HOLDINGS PLC,Information Technology,"71,119.00"
PINS,PINTEREST INC CLASS A,Communication,"182,928.00"
MDB,MONGODB INC CLASS A,Information Technology,"22,371.00"
GDDY,GODADDY INC CLASS A,Information Technology,"58,237.00"
ATO,ATMOS ENERGY CORP,Utilities,"40,662.00"
MTCH,MATCH GROUP INC,Communication,"88,312.00"
FDS,FACTSET RESEARCH SYSTEMS INC,Financials,"11,253.00"
TRU,TRANSUNION,Industrials,"66,010.00"
RCL,ROYAL CARIBBEAN GROUP LTD,Consumer Discretionary,"72,884.00"
GEN,GEN DIGITAL INC,Information Technology,"204,186.00"
SUI,SUN COMMUNITIES REIT INC,Real Estate,"29,819.00"
HRL,HORMEL FOODS CORP,Consumer Staples,"103,105.00"
CE,CELANESE CORP,Materials,"37,907.00"
PARA,PARAMOUNT GLOBAL CLASS B,Communication,"200,789.00"
HST,HOST HOTELS & RESORTS REIT INC,Real Estate,"246,264.00"
APA,APA CORP,Energy,"104,033.00"
BG,BUNGE LTD,Consumer Staples,"46,511.00"
MAS,MASCO CORP,Industrials,"86,211.00"
SSNC,SS AND C TECHNOLOGIES HOLDINGS INC,Information Technology,"75,768.00"
LDOS,LEIDOS HOLDINGS INC,Industrials,"45,947.00"
BAH,BOOZ ALLEN HAMILTON HOLDING CORP C,Industrials,"47,693.00"
KIM,KIMCO REALTY REIT CORP,Real Estate,"200,626.00"
IRM,IRON MOUNTAIN INC,Real Estate,"82,328.00"
WDC,WESTERN DIGITAL CORP,Information Technology,"102,049.00"
GLPI,GAMING AND LEISURE PROPERTIES REIT,Real Estate,"83,428.00"
COO,COOPER INC,Health Care,"12,777.00"
DPZ,DOMINOS PIZZA INC,Consumer Discretionary,"12,626.00"
NET,CLOUDFLARE INC CLASS A,Information Technology,"83,792.00"
UDR,UDR REIT INC,Real Estate,"103,116.00"
PTC,PTC INC,Information Technology,"32,523.00"
AVTR,AVANTOR INC,Health Care,"180,686.00"
NVR,NVR INC,Consumer Discretionary,814
RBLX,ROBLOX CORP CLASS A,Communication,"115,010.00"
LW,LAMB WESTON HOLDINGS INC,Consumer Staples,"42,710.00"
NDSN,NORDSON CORP,Industrials,"17,467.00"
CSL,CARLISLE COMPANIES INC,Industrials,"16,842.00"
EQH,EQUITABLE HOLDINGS INC,Financials,"130,774.00"
QRVO,QORVO INC,Information Technology,"38,418.00"
CHRW,CH ROBINSON WORLDWIDE INC,Industrials,"41,455.00"
PLTR,PALANTIR TECHNOLOGIES INC CLASS A,Information Technology,"533,495.00"
DOCU,DOCUSIGN INC,Information Technology,"67,943.00"
FNF,FIDELITY NATIONAL FINANCIAL INC,Financials,"93,309.00"
CPT,CAMDEN PROPERTY TRUST REIT,Real Estate,"33,232.00"
SNAP,SNAP INC CLASS A,Communication,"353,894.00"
TYL,TYLER TECHNOLOGIES INC,Information Technology,"12,560.00"
RPRX,ROYALTY PHARMA PLC CLASS A,Health Care,"102,774.00"
JBHT,JB HUNT TRANSPORT SERVICES INC,Industrials,"21,210.00"
WPC,W. P. CAREY REIT INC,Real Estate,"46,898.00"
AVY,AVERY DENNISON CORP,Materials,"21,007.00"
DASH,DOORDASH INC CLASS A,Consumer Discretionary,"68,509.00"
EXAS,EXACT SCIENCES CORP,Health Care,"58,620.00"
JKHY,JACK HENRY AND ASSOCIATES INC,Information Technology,"21,874.00"
KMX,CARMAX INC,Consumer Discretionary,"55,661.00"
BWA,BORGWARNER INC,Consumer Discretionary,"82,737.00"
NLY,ANNALY CAPITAL MANAGEMENT REIT INC,Financials,"165,515.00"
GRMN,GARMIN LTD,Consumer Discretionary,"38,933.00"
OKTA,OKTA INC CLASS A,Information Technology,"52,288.00"
BXP,BOSTON PROPERTIES REIT INC,Real Estate,"51,555.00"
WTRG,ESSENTIAL UTILITIES INC,Utilities,"82,165.00"
FHN,FIRST HORIZON CORP,Financials,"155,187.00"
TPL,TEXAS PACIFIC LAND CORP,Energy,"1,915.00"
MTN,VAIL RESORTS INC,Consumer Discretionary,"14,440.00"
MKTX,MARKETAXESS HOLDINGS INC,Financials,"10,376.00"
WYNN,WYNN RESORTS LTD,Consumer Discretionary,"36,359.00"
ARES,ARES MANAGEMENT CORP CLASS A,Financials,"44,952.00"
TECH,BIO TECHNE CORP,Health Care,"46,631.00"
BIO,BIO RAD LABORATORIES INC CLASS A,Health Care,"7,948.00"
CLF,CLEVELAND CLIFFS INC,Materials,"173,969.00"
SWK,STANLEY BLACK & DECKER INC,Industrials,"41,504.00"
CZR,CAESARS ENTERTAINMENT INC,Consumer Discretionary,"70,918.00"
CRL,CHARLES RIVER LABORATORIES INTERNA,Health Care,"15,097.00"
BBWI,BATH AND BODY WORKS INC,Consumer Discretionary,"79,739.00"
RPM,RPM INTERNATIONAL INC,Materials,"40,521.00"
FOXA,FOX CORP CLASS A,Communication,"107,260.00"
WRK,WESTROCK,Materials,"92,672.00"
EVRG,EVERGY INC,Utilities,"57,773.00"
GL,GLOBE LIFE INC,Financials,"29,816.00"
LYV,LIVE NATION ENTERTAINMENT INC,Communication,"44,543.00"
JNPR,JUNIPER NETWORKS INC,Information Technology,"110,733.00"
RGEN,REPLIGEN CORP,Health Care,"19,199.00"
TWLO,TWILIO INC CLASS A,Information Technology,"59,358.00"
PNR,PENTAIR,Industrials,"63,603.00"
CDAY,CERIDIAN HCM HOLDING INC,Information Technology,"48,662.00"
NBIX,NEUROCRINE BIOSCIENCES INC,Health Care,"31,704.00"
JAZZ,JAZZ PHARMACEUTICALS PLC,Health Care,"22,441.00"
TAP,MOLSON COORS BREWING CLASS B,Consumer Staples,"66,761.00"
EQT,EQT CORP,Energy,"107,242.00"
AMH,AMERICAN HOMES RENT REIT CLASS A,Real Estate,"102,104.00"
AFG,AMERICAN FINANCIAL GROUP INC,Financials,"24,490.00"
ZS,ZSCALER INC,Information Technology,"27,933.00"
ENTG,ENTEGRIS INC,Information Technology,"42,809.00"
CBOE,CBOE GLOBAL MARKETS INC,Financials,"28,092.00"
BILL,BILL COM HOLDINGS INC,Information Technology,"29,832.00"
IPG,INTERPUBLIC GROUP OF COMPANIES INC,Communication,"94,600.00"
AAP,ADVANCE AUTO PARTS INC,Consumer Discretionary,"22,655.00"
DELL,DELL TECHNOLOGIES INC CLASS C,Information Technology,"84,903.00"
PKG,PACKAGING CORP OF AMERICA,Materials,"24,028.00"
CCL,CARNIVAL CORP,Consumer Discretionary,"314,752.00"
WHR,WHIRLPOOL CORP,Consumer Discretionary,"21,870.00"
HUBB,HUBBELL INC,Industrials,"14,855.00"
HSIC,HENRY SCHEIN INC,Health Care,"38,742.00"
SNA,SNAP ON INC,Industrials,"13,387.00"
MASI,MASIMO CORP,Health Care,"19,119.00"
NI,NISOURCE INC,Utilities,"116,141.00"
PCTY,PAYLOCITY HOLDING CORP,Information Technology,"15,459.00"
ALLE,ALLEGION PLC,Industrials,"27,312.00"
BEN,FRANKLIN RESOURCES INC,Financials,"102,658.00"
LBRDK,LIBERTY BROADBAND CORP SERIES C,Communication,"35,579.00"
AA,ALCOA CORP,Materials,"61,065.00"
NVCR,NOVOCURE LTD,Health Care,"34,918.00"
DAR,DARLING INGREDIENTS INC,Consumer Staples,"47,873.00"
OVV,OVINTIV INC,Energy,"64,156.00"
VFC,VF CORP,Consumer Discretionary,"102,047.00"
BKI,BLACK KNIGHT INC,Information Technology,"51,641.00"
FFIV,F5 INC,Information Technology,"21,149.00"
WOLF,WOLFSPEED INC,Information Technology,"39,843.00"
ROL,ROLLINS INC,Industrials,"84,147.00"
WBS,WEBSTER FINANCIAL CORP,Financials,"57,914.00"
CPB,CAMPBELL SOUP,Consumer Staples,"58,367.00"
TFX,TELEFLEX INC,Health Care,"12,431.00"
FCNCA,FIRST CITIZENS BANCSHARES INC CLAS,Financials,"3,826.00"
UHS,UNIVERSAL HEALTH SERVICES INC CLAS,Health Care,"19,988.00"
U,UNITY SOFTWARE INC,Information Technology,"83,094.00"
CTLT,CATALENT INC,Health Care,"54,869.00"
NRG,NRG ENERGY INC,Utilities,"85,378.00"
PLUG,PLUG POWER INC,Industrials,"170,968.00"
DINO,HF SINCLAIR CORP,Energy,"51,093.00"
ELS,EQUITY LIFESTYLE PROPERTIES REIT I,Real Estate,"40,457.00"
L,LOEWS CORP,Financials,"46,949.00"
BSY,BENTLEY SYSTEMS INC CLASS B,Information Technology,"73,894.00"
XRAY,DENTSPLY SIRONA INC,Health Care,"77,761.00"
CGNX,COGNEX CORP,Information Technology,"51,992.00"
ALLY,ALLY FINANCIAL INC,Financials,"87,193.00"
SEIC,SEI INVESTMENTS,Financials,"45,293.00"
CCK,CROWN HOLDINGS INC,Materials,"31,767.00"
DBX,DROPBOX INC CLASS A,Information Technology,"119,846.00"
TW,TRADEWEB MARKETS INC CLASS A,Financials,"37,103.00"
HII,HUNTINGTON INGALLS INDUSTRIES INC,Industrials,"12,359.00"
EMN,EASTMAN CHEMICAL,Materials,"30,848.00"
VST,VISTRA CORP,Utilities,"117,377.00"
DT,DYNATRACE INC,Information Technology,"70,426.00"
NWSA,NEWS CORP CLASS A,Communication,"133,108.00"
HR,HEALTHCARE REALTY TRUST INC CLASS,Real Estate,"124,373.00"
RHI,ROBERT HALF,Industrials,"31,425.00"
HAS,HASBRO INC,Consumer Discretionary,"44,271.00"
SBNY,SIGNATURE BANK,Financials,"20,287.00"
Z,ZILLOW GROUP INC CLASS C,Real Estate,"58,254.00"
GNRC,GENERAC HOLDINGS INC,Industrials,"21,233.00"
LII,LENNOX INTERNATIONAL INC,Industrials,"9,718.00"
ZI,ZOOMINFO TECHNOLOGIES INC,Communication,"89,388.00"
LBTYK,LIBERTY GLOBAL PLC CLASS C,Communication,"111,481.00"
ERIE,ERIE INDEMNITY CLASS A,Financials,"10,117.00"
CHK,CHESAPEAKE ENERGY CORP,Energy,"28,144.00"
KNX,KNIGHT-SWIFT TRANSPORTATION HOLDIN,Industrials,"41,214.00"
REG,REGENCY CENTERS REIT CORP,Real Estate,"36,488.00"
ARMK,ARAMARK,Consumer Discretionary,"53,861.00"
ST,SENSATA TECHNOLOGIES HOLDING PLC,Industrials,"47,089.00"
AOS,A O SMITH CORP,Industrials,"35,294.00"
OC,OWENS CORNING,Industrials,"24,724.00"
ARW,ARROW ELECTRONICS INC,Information Technology,"20,228.00"
NWL,NEWELL BRANDS INC,Consumer Discretionary,"147,510.00"
HEI,HEICO CORP,Industrials,"13,594.00"
ROKU,ROKU INC CLASS A,Communication,"40,234.00"
UGI,UGI CORP,Utilities,"58,060.00"
COIN,COINBASE GLOBAL INC CLASS A,Financials,"38,997.00"
SEE,SEALED AIR CORP,Materials,"40,683.00"
MPW,MEDICAL PROPERTIES TRUST REIT INC,Real Estate,"171,750.00"
MHK,MOHAWK INDUSTRIES INC,Consumer Discretionary,"18,163.00"
WU,WESTERN UNION,Information Technology,"152,197.00"
LNC,LINCOLN NATIONAL CORP,Financials,"59,723.00"
DAL,DELTA AIR LINES INC,Industrials,"54,090.00"
FBIN,FORTUNE BRANDS INNOVATIONS INC,Industrials,"32,707.00"
HEIA,HEICO CORP CLASS A,Industrials,"15,260.00"
LEA,LEAR CORP,Consumer Discretionary,"13,613.00"
RIVN,RIVIAN AUTOMOTIVE INC CLASS A,Consumer Discretionary,"100,272.00"
AIZ,ASSURANT INC,Financials,"14,406.00"
CG,CARLYLE GROUP INC,Financials,"52,063.00"
DVA,DAVITA INC,Health Care,"22,477.00"
IVZ,INVESCO LTD,Financials,"99,646.00"
LUV,SOUTHWEST AIRLINES,Industrials,"49,867.00"
UHALB,U HAUL NON VOTING SERIES N,Industrials,"28,049.00"
LUMN,LUMEN TECHNOLOGIES INC,Communication,"312,836.00"
LSXMK,LIBERTY MEDIA LIBERTY SIRIUSXM COR,Communication,"39,932.00"
LCID,LUCID GROUP INC,Consumer Discretionary,"136,479.00"
ELAN,ELANCO ANIMAL HEALTH INC,Health Care,"113,193.00"
CHWY,CHEWY INC CLASS A,Consumer Discretionary,"33,780.00"
CLVT,CLARIVATE PLC,Industrials,"126,535.00"
DISH,DISH NETWORK CORP CLASS A,Communication,"84,710.00"
WLK,WESTLAKE CORP,Materials,"9,363.00"
AFRM,AFFIRM HOLDINGS INC CLASS A,Information Technology,"68,072.00"
LBTYA,LIBERTY GLOBAL PLC CLASS A,Communication,"50,442.00"
SIRI,SIRIUS XM HOLDINGS INC,Communication,"164,770.00"
LSXMA,LIBERTY MEDIA LIBERTY SIRIUSXM COR,Communication,"19,338.00"
